[
  {
    "id": "1",
    "title": "Flyer Design",
    "price": "30",
    "time": "May 27, 2023",
    "status": "Completed",
    "design": "https://dummyimage.com/80x56"
  },
  {
    "id": "2",
    "title": "Door Hanger Design",
    "price": "45",
    "time": "May 27, 2023",
    "status": "Completed",
    "design": "https://dummyimage.com/80x56"
  },
  {
    "id": "3",
    "title": "Postcard Design",
    "price": "40",
    "time": "May 27, 2023",
    "status": "Completed",
    "design": "https://dummyimage.com/80x56"
  },
  {
    "id": "4",
    "title": "Business Design",
    "price": "25",
    "time": "May 27, 2023",
    "status": "Completed",
    "design": "https://dummyimage.com/80x56"
  }
]
