[
  {
    "id": "1",
    "title": "Flyer Design",
    "price": "30",
    "time": "11h - 45m late",
    "status": "Revision",
    "design": "https://dummyimage.com/80x56"
  },
  {
    "id": "2",
    "title": "Door Hanger Design",
    "price": "45",
    "time": "11h - 45m",
    "status": "Progress",
    "design": "https://dummyimage.com/80x56"
  },
  {
    "id": "3",
    "title": "Postcard Design",
    "price": "40",
    "time": "2 days",
    "status": "Waiting",
    "design": "https://dummyimage.com/80x56"
  },
  {
    "id": "4",
    "title": "Business Design",
    "price": "25",
    "time": "00 - 00",
    "status": "Delivered",
    "design": "https://dummyimage.com/80x56"
  }
]
