[
  {
    "id": "1",
    "title": "Pressure and Soft Washing Door Hanger Design",
    "url": "/designs/company/door-hanger-design",
    "thumb": "https://dummyimage.com/215x160/"
  },
  {
    "id": "2",
    "title": "Pressure and Soft Washing Door Hanger Design",
    "url": "/designs/company/door-hanger-design",
    "thumb": "https://dummyimage.com/215x160/"
  },
  {
    "id": "3",
    "title": "Pressure and Soft Washing Door Hanger Design",
    "url": "/designs/company/door-hanger-design",
    "thumb": "https://dummyimage.com/215x160/"
  },
  {
    "id": "4",
    "title": "Pressure and Soft Washing Door Hanger Design",
    "url": "/designs/company/door-hanger-design",
    "thumb": "https://dummyimage.com/215x160/"
  },
  {
    "id": "5",
    "title": "Pressure and Soft Washing Door Hanger Design",
    "url": "/designs/company/door-hanger-design",
    "thumb": "https://dummyimage.com/215x160/"
  },
  {
    "id": "6",
    "title": "Pressure and Soft Washing Door Hanger Design",
    "url": "/designs/company/door-hanger-design",
    "thumb": "https://dummyimage.com/215x160/"
  },
  {
    "id": "7",
    "title": "Pressure and Soft Washing Door Hanger Design",
    "url": "/designs/company/door-hanger-design",
    "thumb": "https://dummyimage.com/215x160/"
  },
  {
    "id": "8",
    "title": "Pressure and Soft Washing Door Hanger Design",
    "url": "/designs/company/door-hanger-design",
    "thumb": "https://dummyimage.com/215x160/"
  }
]
