[
  {
    "id": "1",
    "title": "Door Hanger Design",
    "size": "400x600",
    "fileFormat": "Photoshop File",
    "categoryId": "sap0",
    "subcategoryId": "sa40",
    "imageIds": ["saw3"],
    "categoryName": "Book Cover Design",
    "subcategoryName": "eBook Cover Design",
    "createdAt": "2023-08-15T17:41:15.987Z",
    "updatedAt": "2023-08-15T17:41:15.987Z"
  },
  {
    "id": "2",
    "title": "Real Estate",
    "size": "400x600",
    "fileFormat": "Photoshop File",
    "categoryId": "sap0",
    "subcategoryId": "sa40",
    "imageIds": ["sa84"],
    "categoryName": "Book Cover Design",
    "subcategoryName": "eBook Cover Design",
    "createdAt": "2023-08-15T17:41:15.987Z",
    "updatedAt": "2023-08-15T17:41:15.987Z"
  },
  {
    "id": "3",
    "title": "Solar Engergy",
    "size": "400x600",
    "fileFormat": "Photoshop File",
    "categoryId": "sap0",
    "subcategoryId": "sa40",
    "imageIds": ["sa54"],
    "categoryName": "Book Cover Design",
    "subcategoryName": "eBook Cover Design",
    "createdAt": "2023-08-15T17:41:15.987Z",
    "updatedAt": "2023-08-15T17:41:15.987Z"
  },
  {
    "id": "4",
    "title": "Pressure And Softwashing",
    "size": "400x600",
    "fileFormat": "Photoshop File",
    "categoryId": "sap0",
    "subcategoryId": "sa40",
    "imageIds": ["sa24"],
    "categoryName": "Book Cover Design",
    "subcategoryName": "eBook Cover Design",
    "createdAt": "2023-08-15T17:41:15.987Z",
    "updatedAt": "2023-08-15T17:41:15.987Z"
  },
  {
    "id": "5",
    "title": "Lawn Care",
    "size": "400x600",
    "fileFormat": "Photoshop File",
    "categoryId": "sao0",
    "subcategoryId": "sa40",
    "imageIds": ["saw3"],
    "categoryName": "Book Cover Design",
    "subcategoryName": "eBook Cover Design",
    "createdAt": "2023-08-15T17:41:15.987Z",
    "updatedAt": "2023-08-15T17:41:15.987Z"
  }
]
